"","X1961","X1962","X1963","X1964","X1965","X1966","X1967","X1968","X1969","X1970","X1971","X1972","X1973","X1974","X1975","X1976","X1977","X1978","X1979","X1980","X1981","X1982"
"1",0.0533877865656505,0.0466355984058593,0.0468521115481822,0.044780394621973,0.0422482820728675,0.0395731758718508,0.038664781823522,0.0362527382000882,0.034272459665728,0.0318205413969646,0.0290886801693801,0.0253885665061472,0.0244406327123986,0.0228166953358246,0.0206711211463085,0.0194617590249414,0.0176724501072935,0.0167170916346119,0.0155196287434121,0.0135308347193094,0.0132565456988246,0.0121181278923681
"2",0.00322678551460839,0.00287885013752676,0.00232828638222152,0.00200598599006597,0.00177043139778157,0.00162767425931579,0.00149488182839236,0.00151185628072363,0.00151285476893991,0.0017714296276351,0.00147491151530171,0.00150087284449379,0.00131213858102156,0.00134209878066878,0.00125820795809038,0.0012502179886481,0.0013001542496606,0.0012142623356311,0.0011093842917181,0.00103945948106984,0.000935562156910566,0.00096053846126936
"3",0.00175645607510998,0.00148589523689137,0.001346093406091,0.00111837426959616,0.00109240300175954,0.0011593275899978,0.00113435625282652,0.00107342357154208,0.00104345531632488,0.000992507220165188,0.00106742999238407,0.000972526865679847,0.000776698252728815,0.000717742330503349,0.00077070289403435,0.000816666391778958,0.000793684907091885,0.000802677724893455,0.00075371584912488,0.00066577829582749,0.000574834735013684,0.000646790763188109
"4",0.000989510192454735,0.000903591576607374,0.00080467611786256,0.000798680926969676,0.000796682522014977,0.000744722590834914,0.000820663117790147,0.000842644825206176,0.000789688073211082,0.000702752982326712,0.000751717354274793,0.000704751575069788,0.000580831268516496,0.000711746618203919,0.000616809714203168,0.00070575086994291,0.000537855316919749,0.000613811559851126,0.000455896055699301,0.00052985958720939,0.000426908854959466,0.000428907999234164
"5",0.00088061209037419,0.000866624318357992,0.000728734376319831,0.000746721099669274,0.000745721845751535,0.00072573655762958,0.000747720352588132,0.000674772264360778,0.000595822444911416,0.000604817042844539,0.000642793341940566,0.000472888161949699,0.000503873023997953,0.000502873527307882,0.000543852072236352,0.000405917598727458,0.000436904536358806,0.000341941527998712,0.000461893302647088,0.000366932667855449,0.00038592551637534,0.000362934127455867
"6",0.000571836454773935,0.000584828937535771,0.000548849340855935,0.000597821251445818,0.000584828937535771,0.00057783300626119,0.00055184769003755,0.000625804123309404,0.000586827766050664,0.000502873527307882,0.0005408536990744,0.000469889575949652,0.000420911398150689,0.000481883865988297,0.000464891912630313,0.000408916376600985,0.000391923183056121,0.000418912237886163,0.000345940152353643,0.000330945228564673,0.000323947520501679,0.000306952882732501
"7",0.000582830105024385,0.000514867421638928,0.000610813396507367,0.00062380537272371,0.000506871508072704,0.000524862223666287,0.000542852615514888,0.000485881930690842,0.000412914733107613,0.000449898772776125,0.000446900117823666,0.000379927813715394,0.000420911398150689,0.000555845474957962,0.000342941185586672,0.000363933764054942,0.000331944897147074,0.000344940497764136,0.000345940152353643,0.000307952575303403,0.000310951647018889,0.000277961363370492
"8",0.000438903660646488,0.000493878012131004,0.00055184769003755,0.000483882900338118,0.000473887688617798,0.000509869983154296,0.000500874530930002,0.000420911398150689,0.000405917598727458,0.000472888161949699,0.000404918004104169,0.000438903660646488,0.000381927051933081,0.000366932667855449,0.000269963554920086,0.000313950709738571,0.000268963824365623,0.000279960805487232,0.000306952882732501,0.000281960243605652,0.000314950395312738,0.000273962467142002
"9",0.000478885306968981,0.000518865354440523,0.000486881444368296,0.000468890045284381,0.000416913073624149,0.000414913905364637,0.000444901009525381,0.00038492590176391,0.000413914319735815,0.000470889105615628,0.000391923183056121,0.00033494389689727,0.000293956788352112,0.000342941185586672,0.00033994220982433,0.000289957956096366,0.000282959961165495,0.000208978161782094,0.000223974914809541,0.000217976240589776,0.000189981951714587,0.000251968252000248
"10",0.000441902339582952,0.000471888634282309,0.000424909706687329,0.000401919214237938,0.000417912656254843,0.000367932300456716,0.000380927433323952,0.000407916784975865,0.000381927051933081,0.000328945888401358,0.000322947843923206,0.000313950709738571,0.000307952575303403,0.000256966979743103,0.000243970235631253,0.000298955306181726,0.000243970235631253,0.000180983620982301,0.000200979801529946,0.000255967236193767,0.000267964092811563,0.0002299735530414
"11",0.000395921607521711,0.000377928571499987,0.000469889575949652,0.000341941527998712,0.000363933764054942,0.000322947843923206,0.000343940842175146,0.000344940497764136,0.000441902339582952,0.000411915145480031,0.000316949763462491,0.000284959393286457,0.000316949763462491,0.000235972155285676,0.000289957956096366,0.000221975360734958,0.000204978989653561,0.000232972858661966,0.000241970721542693,0.000194980989353538,0.000287958533971108,0.000180983620982301
"12",0.000415913489994081,0.000329945558982768,0.000422910554417741,0.000312951023164875,0.000301954404884862,0.000326946544240017,0.000359935211661901,0.000269963554920086,0.000301954404884862,0.000285959107847578,0.000298955306181726,0.000275961917255419,0.000263965156599329,0.000300954706316699,0.000257966722292824,0.000285959107847578,0.000234972390744088,0.000186982517134648,0.000289957956096366,0.000207978370249494,0.000223974914809541,0.000197980399940406
"13",0.000381927051933081,0.000366932667855449,0.000368931932058535,0.000406917192351357,0.000388924354213106,0.000421910976783899,0.000352937706494804,0.000337942887651987,0.000313950709738571,0.000306952882732501,0.000331944897147074,0.000266964360257906,0.000254967491644815,0.000268963824365623,0.000243970235631253,0.000244969991176081,0.000225974464885468,0.000238971442912572,0.000215976674519152,0.000219975802661707,0.000180983620982301,0.0002039791941222
"14",0.000426908854959466,0.000430907139511435,0.000358935571064994,0.000435904972715948,0.000370931192263835,0.000382926669542783,0.000354936998682734,0.00038492590176391,0.000337942887651987,0.000342941185586672,0.000343940842175146,0.000310951647018889,0.000257966722292824,0.000324947196080637,0.000289957956096366,0.000305953189162058,0.000299955006748988,0.000335943561481671,0.0002299735530414,0.000297955604614912,0.000234972390744088,0.000205978784185229
"15",0.000501874029618566,0.000455896055699301,0.000419911818518111,0.000426908854959466,0.000539854239355374,0.000395921607521711,0.000472888161949699,0.000316949763462491,0.000371930820867319,0.000435904972715948,0.000396921211139589,0.000374929700681122,0.000306952882732501,0.000336943225066576,0.00038492590176391,0.000413914319735815,0.000327946216820441,0.000281960243605652,0.000341941527998712,0.000305953189162058,0.000311951335591648,0.000312951023164875
"16",0.000547849889130378,0.000509869983154296,0.000531858525632182,0.000573835309266241,0.000542852615514888,0.000523862747960035,0.000389923964826859,0.000474887214286607,0.000453896965388857,0.000498875530555126,0.000471888634282309,0.000515866906338165,0.000444901009525381,0.000522863271254567,0.000466890980955947,0.000475886738956129,0.000393922397287734,0.000381927051933081,0.000345940152353643,0.000326946544240017,0.000332944564729972,0.000336943225066576
"17",0.000664778960995469,0.000693759265534859,0.000691760650814818,0.000660781611677341,0.000657783589199153,0.000613811559851126,0.000542852615514888,0.00057883242801209,0.000641793984131094,0.00067277361167967,0.00067277361167967,0.000632799718888972,0.000772701350927866,0.000723738006841523,0.000748719604508112,0.000643792698751002,0.000489879979405046,0.000466890980955947,0.00057883242801209,0.000455896055699301,0.000520864314845983,0.000498875530555126
"18",0.000887605902979077,0.000932564958446885,0.000736728515542023,0.000661780950505383,0.000774699803826017,0.000757712826838628,0.000818664756782098,0.00074372333491941,0.000827657349857159,0.000849638903466027,0.0010204790454473,0.000990509202690067,0.00100949020744524,0.000869621714554169,0.000741724820091746,0.000660781611677341,0.00059682184867817,0.000602818250297535,0.000701753684456756,0.000610813396507367,0.000654785557729843,0.000633799085689836
"19",0.00103146776263448,0.000848639752425096,0.000893600560549434,0.00080467611786256,0.000920576074717593,0.000932564958446885,0.000863626913173509,0.000988511181220886,0.00125920669977914,0.00108740844980331,0.00120527322024819,0.00112836303906445,0.0010724246441784,0.000927569607702026,0.000857632075839465,0.000667776962494527,0.000688762721242532,0.000698755784853194,0.000721739452057807,0.000800679327929164,0.000790687283179503,0.000701753684456756
"20",0.00106143637728366,0.00112436754325692,0.000834651532984979,0.00104045844138126,0.00113835170870189,0.000959539421077883,0.00109839643116108,0.00125621047171853,0.00124422546964515,0.00117331126628669,0.00131613332620469,0.00124722173363821,0.00110538872003782,0.00103046879333703,0.000830654862904463,0.000842644825206176,0.000755714339979488,0.000820663117790147,0.000626803497103658,0.000792685700119902,0.000729733647218765,0.000792685700119902
"21",0.00109040518397214,0.000962536538656637,0.000956542294512076,0.00107941711475803,0.00101948006516676,0.0010134861625156,0.00119928043174096,0.00139402766570317,0.00143197399063571,0.00141000524130226,0.0014579364353704,0.00124322671298452,0.00106643105903001,0.000970528808263588,0.000851637202551713,0.000758712068769902,0.000787689650277791,0.000838648187085518,0.000864626049233706,0.000854634643689823,0.000857632075839465,0.000858631217891915
"22",0.000983516110073844,0.00109539972095292,0.00118429830325532,0.00117331126628669,0.00127019279248038,0.00123623538841227,0.00142098967634012,0.00158873695412147,0.00150886081008838,0.00146392767297954,0.00126120418016232,0.00108740844980331,0.00105244588724037,0.000910585228428451,0.000908587047187053,0.000768704433145456,0.000870620844622167,0.000850638053508232,0.000853635497642507,0.000758712068769902,0.000808672891815261,0.000772701350927866
"23",0.001277183879501,0.0010724246441784,0.00123224032384035,0.001286172348094,0.00144395674125444,0.00142198825535631,0.00157376066347751,0.00157775436293047,0.00168757484304505,0.00141699535029664,0.00109739752875671,0.000985514141528226,0.000942555585041653,0.000992507220165188,0.000847640600385437,0.000901593381384995,0.000842644825206176,0.000798680926969676,0.000839647348113792,0.000885607675799621,0.000764707499381487,0.000718741612390346
"24",0.00109539972095292,0.00115533221797801,0.00119628402401163,0.00144695240645772,0.00151884567728526,0.00172750657056974,0.00171852207101892,0.00162867263180508,0.00142698113546927,0.00123024278556548,0.00116432178256166,0.00116032643050709,0.000998501248626311,0.000838648187085518,0.000926570534557233,0.000851637202551713,0.000832653199942224,0.000756713583908491,0.000792685700119902,0.000820663117790147,0.000739726301268531,0.000724737282735009
"25",0.00132212541403861,0.00126220291885674,0.00136107310921263,0.00147690856457078,0.00155179503115831,0.00163566121129855,0.0016386563018325,0.00155978258968875,0.00136007446932363,0.00114734142602146,0.00116032643050709,0.00105244588724037,0.000868622583487475,0.00092856867984821,0.000811670461792512,0.00091358249280079,0.000763708263443365,0.000748719604508112,0.000771702122980529,0.000688762721242532,0.000643792698751002,0.000616809714203168
"26",0.0012542129813542,0.00141300100828714,0.00139602487662368,0.00183830875594453,0.00172950311505392,0.00195109475597079,0.00165862334262562,0.00142598256144241,0.00137006082330562,0.00132711879312137,0.0011063876144554,0.00106043743793917,0.000941556526875841,0.000883609444625475,0.000903591576607374,0.000782693575465205,0.00072573655762958,0.000829655692887452,0.000751717354274793,0.000754715095051618,0.000636797180098139,0.000631800351089056
"27",0.0014998743443046,0.00150286984187891,0.00168258326489096,0.00179139401526531,0.00185328108179663,0.00180437065330007,0.00168857315568345,0.00148289968843118,0.00138504016716416,0.00122724647066701,0.000907587955068399,0.000945552753547572,0.000897596978956449,0.000978521013963665,0.000802677724893455,0.000849638903466027,0.00072773510442199,0.000702752982326712,0.000620807239352181,0.000698755784853194,0.000690761341956354,0.000516866390038175
"28",0.0015917321853144,0.00171253235976768,0.00188721752304948,0.00187823445960797,0.00193612389594483,0.00170354772556396,0.00170654261260883,0.00167160170517362,0.00131413595560919,0.00126719659735728,0.00111837426959616,0.000961537500462278,0.00089659787585268,0.00084164566717412,0.00087161997369147,0.000806674506836491,0.000771702122980529,0.000739726301268531,0.000626803497103658,0.000612812173068954,0.000626803497103658,0.000525861698373328
"29",0.00183830875594453,0.001839306917982,0.00206586389673078,0.00192714127224292,0.00192714127224292,0.00173249792429963,0.0018073652381421,0.00152683349920661,0.00126719659735728,0.00112137091091897,0.00106243531562974,0.00106243531562974,0.00090958613830707,0.000870620844622167,0.000766705968261172,0.00086062949900068,0.000632799718888972,0.000608814615949443,0.000655784902551963,0.000638795904708446,0.00057783300626119,0.000462892840307469
"30",0.00193612389594483,0.00222651854508151,0.00223849176997175,0.00193612389594483,0.00217662856318041,0.00196506735625512,0.00201895984108059,0.00140401368038953,0.00119628402401163,0.00116631945259941,0.00100949020744524,0.000937560284226698,0.000949548964241985,0.000950548014419144,0.00077769747568196,0.00071974089327842,0.000657783589199153,0.000644792054562404,0.000626803497103658,0.000561842122363616,0.000491878997766549,0.000488880468725397
"31",0.00221654074804005,0.00240410665763753,0.00219458924371578,0.00225345809926403,0.00212773396332905,0.00210578050734526,0.0015627779076762,0.001346093406091,0.00119428641386771,0.00104944903925439,0.00106343425297742,0.00100849121618144,0.000972526865679847,0.000815667207779226,0.00072773510442199,0.000789688073211082,0.000685764782679541,0.000594823040145557,0.000548849340855935,0.000546850436405643,0.000548849340855935,0.000488880468725397
"32",0.00232529335853067,0.00218461112773183,0.00224048729350034,0.00226543100124459,0.00222751631930398,0.00160870499248105,0.00144195962612975,0.00117730656643237,0.00122225259253966,0.00114034943064981,0.00104745113560494,0.00106143637728366,0.000929567750995787,0.000894599666649174,0.000791686492149109,0.000712745906084481,0.000640794625322584,0.000629801612492065,0.000504872519688779,0.000539854239355374,0.000576833583511157,0.000404918004104169
"33",0.00226343552754729,0.0023492372969388,0.0024440097540659,0.00234724199066097,0.00173649098933027,0.00150985930129787,0.00136806356049284,0.00127119152219189,0.00120826960102618,0.00113135965043785,0.00113135965043785,0.000901593381384995,0.00100949020744524,0.00080467611786256,0.000661780950505383,0.000688762721242532,0.000590825411091023,0.000608814615949443,0.000505872014380362,0.000530859056920388,0.000485881930690842,0.000496876526183244
"34",0.00231731191817492,0.00262754346656973,0.00217563073812618,0.00190119101674756,0.001623680759383,0.0015458043203582,0.00134509475123242,0.00134110012181826,0.00121925625368525,0.00120227683048646,0.00108041603513301,0.000932564958446885,0.000773700577876362,0.000797681724991728,0.000733730720825457,0.000658782931024227,0.000611812785287702,0.000638795904708446,0.00058382952177964,0.00056683930105815,0.000558843803157018,0.000530859056920388
"35",0.00260061400057126,0.00263751715859208,0.00185827180721929,0.00147890560984871,0.00155379192677693,0.00137904845656497,0.00137505396287354,0.001346093406091,0.00133810413927875,0.00109040518397214,0.00104145740069424,0.000933564025600045,0.000877614727134788,0.000823660651811454,0.000786690437312917,0.000657783589199153,0.00059682184867817,0.000647790116002415,0.000621806618141758,0.000564840432577797,0.00055184769003755,0.000575834159761988
"36",0.00245398527908464,0.00188222694222043,0.00167160170517362,0.00152583502495844,0.00163566121129855,0.00150386833907485,0.00135408260903238,0.0013001542496606,0.00125621047171853,0.0012502179886481,0.00103246673093347,0.000976522968529873,0.000862627776114607,0.000768704433145456,0.000706750163817091,0.000709748039445997,0.000663779625164445,0.000592824227616512,0.000560842683627243,0.00062380537272371,0.000554846030226612,0.000591824819853323
"37",0.00192813934553156,0.00167759166179992,0.00176144728421896,0.00167060337557802,0.00161269855226832,0.00152184111798865,0.00138803600899176,0.0013001542496606,0.00116931595016915,0.00114734142602146,0.00107342357154208,0.00103146776263448,0.000890603236258247,0.000821662296796017,0.000721739452057807,0.000704751575069788,0.00066577829582749,0.000548849340855935,0.000632799718888972,0.000670774955002597,0.000657783589199153,0.000661780950505383
"38",0.00194909865426277,0.00178939759445417,0.0017384875158612,0.00164564481149773,0.00161469532617645,0.00141999109632606,0.00162967100329681,0.00136606629368826,0.00120527322024819,0.00111437873385588,0.00106942785609699,0.00092856867984821,0.000854634643689823,0.000861628638056997,0.000796682522014977,0.000638795904708446,0.000611812785287702,0.000716743047617429,0.000627802869898852,0.00070575086994291,0.000645791409374772,0.000674772264360778
"39",0.00183032342374385,0.0019031872141785,0.0018952024005231,0.00163066937379099,0.00179139401526531,0.00158873695412147,0.00163665957580741,0.00135907582843666,0.00130115294942992,0.00115033798049223,0.00112037203147636,0.000982517092848865,0.000851637202551713,0.000813668836783429,0.000714744478848812,0.000685764782679541,0.000750718105351441,0.000668776294329547,0.000802677724893455,0.000715743763732584,0.000737727778449752,0.000773700577876362
"40",0.00190418531139824,0.00204490703764697,0.00193013548911751,0.00175246308987018,0.00187524008717818,0.00163665957580741,0.00162967100329681,0.00147591004043514,0.00127918132395267,0.00113535511829281,0.00108141495450961,0.0010154841340599,0.00101848108388776,0.000882610327540391,0.000776698252728815,0.000791686492149109,0.000785691223349224,0.000760710549635864,0.000823660651811454,0.000870620844622167,0.000967531714650109,0.000740486238521855
"41",0.00199072972109856,0.00194421057276872,0.00192102740641214,0.00182215285199676,0.00175964800421005,0.00162043093587924,0.00155402974425125,0.00149423194803205,0.00136347006404725,0.0012862900199172,0.00120865520917703,0.00113368539108524,0.00103640172894496,0.000965626015944698,0.000953305749625154,0.000935952874608087,0.000943167412355348,0.000891908492844287,0.000765706734320655,0.000731150619222721,0.000716668242494715,0.000707270779638683
"42",0.00205174090481512,0.00201805101595424,0.00194652238619485,0.00189621894786889,0.00177437669528155,0.00168742243064145,0.00159117544011595,0.0015366727996349,0.00140047523166523,0.00132861821444029,0.00126240858928668,0.0011550772277767,0.00107234437989745,0.00102059511524214,0.000975982448047375,0.000977952051824831,0.000978753750024473,0.000916248768195837,0.000791482927807146,0.000756090671712033,0.000741434835231534,0.000732029032482634
"43",0.00217044081117993,0.00208990240916145,0.00206752709163081,0.00195867152845966,0.00188984970960143,0.00177046903203172,0.00167796400362259,0.00162020534641432,0.00148544881953669,0.00142400895442872,0.00132352317351928,0.00122967944680185,0.00116385397861098,0.00107590354576412,0.00104898819138382,0.001044619121856,0.00103662592118503,0.00097691913216088,0.000844878173181871,0.000808039292806061,0.000793299812248747,0.000784148582129209
"44",0.00230380013667691,0.00226903779994349,0.00218158055355308,0.00212373520138668,0.00201809824292435,0.00189613180090781,0.00179358815692325,0.00173907250368506,0.0016097776159062,0.00150899598563859,0.00142007885225632,0.00134450447662593,0.00123734237630612,0.00116379533018728,0.0011277696487041,0.00111237283974079,0.00110887024474024,0.00104467807940749,0.00090320063662167,0.00086354994707032,0.000847533430083369,0.000837495084622348
"45",0.00243003541556302,0.00232051052592122,0.00229510969251329,0.00219770625726388,0.0020936338616161,0.00196200318616116,0.00186325237791299,0.00182488813011899,0.00164877678304129,0.00156509803504356,0.00150288408219092,0.0013810131702751,0.00129405123285953,0.00120918155615839,0.00115937550529409,0.00114842061647423,0.00114392869873672,0.00107688352969467,0.000930334222869065,0.000888812261805002,0.000871659899143589,0.000860676822910202
"46",0.00259876770874814,0.00255879845318107,0.00248852557598405,0.00239136721672907,0.00227384743787825,0.00214130202432344,0.00205545458004658,0.00196392771880013,0.00179977324565893,0.00174456775662653,0.00162377942886168,0.00152140553874524,0.0014159852592309,0.00130938882116954,0.00126216287718524,0.00125007798478589,0.001245029958955,0.00117191334509024,0.00101230923482588,0.000967007092904341,0.000948225525159921,0.000936158786148689
"47",0.00274947611343292,0.00265838610002683,0.00259247131498714,0.0024840820745844,0.00237228162421246,0.00225890527304743,0.00211116287142052,0.00204523460856005,0.00191643421494555,0.00179745349677196,0.00170654224956118,0.00158743649101512,0.0014602251931761,0.00135661455285034,0.00130656049092591,0.00129293657656198,0.00128660684201613,0.00121000725135101,0.0010443177414304,0.000996724827338395,0.00097652468963644,0.000963267757666076
"48",0.00298138711699639,0.00289837320517392,0.00282569243585352,0.00272511960988521,0.00263237723840961,0.00244645629970247,0.00232490731829062,0.00230056847575838,0.00208789741594266,0.00200019512054757,0.00188616394806402,0.00173810155406718,0.00161040388059457,0.00149793933812263,0.00144440469217049,0.00143105850163348,0.00142576075516364,0.00134249006657906,0.00116005949019825,0.0011085227138875,0.00108736065617727,0.00107388633370912
"49",0.00318710887600303,0.00309377944332292,0.00303126196491378,0.00295394524388813,0.00278689713634527,0.0026268011718201,0.0025469447349786,0.00244578496333165,0.00226217957132455,0.00215314715231023,0.00201063949223111,0.00186298831548669,0.00172636996391499,0.0016060428878894,0.0015488691643469,0.00153477788448076,0.00152931509796267,0.00144020664186258,0.00124468362437372,0.00118955966528536,0.00116701835779962,0.00115272233045275
"50",0.00336354883055647,0.00327533479758857,0.00324430856089858,0.00307394765356475,0.00293576868841225,0.00283100717044469,0.00265452118431922,0.00259824451275189,0.00238532099972596,0.00224097228776499,0.00209942409031161,0.00194132857973354,0.00179533503111792,0.00166682969243394,0.00160424493765988,0.00158643748068037,0.00157759607598526,0.00148267372858142,0.00127879889450694,0.00121969445445807,0.0011941636146186,0.00117715085136739
"51",0.00362886870825678,0.00357770064241454,0.00344778752321267,0.00332340758611114,0.00324976413505223,0.00302501609041486,0.00290152385572338,0.00281851103920014,0.00255886620816334,0.00242080284420297,0.00226915750713243,0.00209944921935279,0.00194264532313821,0.00180459873694794,0.00173780222053474,0.00171946001811311,0.00171081963887062,0.00160877342913534,0.00138833566246436,0.00132490137685266,0.00129788434187347,0.00128009965571998
"52",0.00392789284950345,0.00377524433277277,0.00369897980405343,0.00364484325429636,0.00344824454968206,0.00327956593033576,0.00312351497882007,0.00300358536978882,0.00274583240706661,0.00259983919578304,0.00243900449649141,0.00225847132831051,0.00209152867063039,0.00194451723619648,0.0018740931666156,0.0018558453483827,0.00184804540437149,0.00173925657437998,0.00150219307796952,0.0014347445811603,0.00140665035753974,0.00138852248003207
"53",0.00424267804867534,0.00414040828577132,0.00414038558525872,0.00395675461532284,0.00381842271127803,0.00360789631556542,0.00340387453288133,0.00329388096786032,0.0030133113428297,0.0028550664761294,0.00268029417675763,0.00248361941806367,0.00230162545934004,0.00214132510609334,0.00206519146127735,0.00204648288059392,0.00203927563761509,0.00192055256483709,0.00165993282905613,0.00158649147803735,0.00155649172133539,0.00153748486742896
"54",0.00435224484383472,0.00435454780405403,0.00419964931296264,0.00409170719791541,0.00391633600724284,0.00364373636768879,0.00344333423748563,0.00332013950573165,0.00302646190441936,0.00285725982742079,0.00267274800108193,0.00246775663137294,0.00227873269741801,0.00211243116746738,0.00203002582920062,0.00200442946577961,0.00199021519951403,0.00186763096909519,0.00160840346897073,0.00153173224276468,0.00149738263793522,0.0014737972614583
"55",0.00493581253215919,0.00475487955096003,0.00470421850842708,0.00454673584406823,0.00430542347971218,0.00404248418909957,0.00382726025009025,0.00369718214347761,0.00337644610400035,0.00319360732371084,0.00299293656866585,0.00276853649198637,0.0025612353469412,0.00237873681279504,0.00229018690404412,0.00226550039590983,0.00225360136842731,0.00211872698918817,0.00182805800464623,0.00174414905829929,0.00170819750648291,0.0016844079340222
"56",0.00510287594142174,0.00502707652788084,0.00493248695048933,0.0047026361581544,0.00447508060357352,0.00419641441346411,0.00396791675595875,0.00382815170219682,0.00349158957069285,0.00329828959598585,0.0030870858049126,0.00285197292406049,0.00263504692184659,0.00244415482057972,0.00235015256909884,0.00232183678523288,0.00230667801997743,0.00216584712954287,0.00186632092474566,0.00177837135988889,0.00173947906537398,0.00171305221295953
"57",0.00558112182241806,0.00545154125290361,0.00527995002998482,0.00506914663936627,0.00482401635026598,0.00452378110763055,0.00427760047850383,0.00412705025284269,0.003764350906735,0.00355606395153301,0.00332846235738379,0.00307506944092782,0.00284126771104676,0.00263552019176158,0.00253422912714518,0.00250375930360366,0.00248747491322029,0.00233567556825957,0.00201273564007965,0.00191793972800127,0.0018760437324699,0.00184758910055041
"58",0.00598175546227786,0.00576389889634791,0.00561911474151615,0.00539269818977068,0.00512995599196396,0.00480884490075698,0.00454540866399128,0.00438373872799463,0.00399696200600126,0.0037743517198057,0.0035314215284308,0.0032613262149075,0.00301220531991599,0.0027930033570757,0.00268461676295784,0.00265130309884118,0.00263302941367692,0.00247139080075241,0.00212887259043924,0.002027818194215,0.00198274778654125,0.00195191180317994
"59",0.00623708854656257,0.00604722500970262,0.00588964183845929,0.00564688681803634,0.00536659540668494,0.0050258403477431,0.0047459467497235,0.00457272962432208,0.00416527622093287,0.00392950134995521,0.00367304289470947,0.00338884863250657,0.00312696987699063,0.00289661936588956,0.00278151975979795,0.002744343630413,0.00272278878932595,0.00255317053718908,0.00219719911328734,0.00209087622679753,0.00204242415076474,0.00200871210963803
"60",0.00664506830151566,0.0064389844732558,0.00626748553708145,0.00600562040480665,0.00570416968880288,0.00533885098293292,0.00503856179158068,0.00485179423511856,0.00441689232042012,0.00416441742716491,0.00389033340461279,0.0035872139890284,0.00330805516493361,0.00306255532234918,0.00293911545051893,0.00289810415127462,0.00287362607933994,0.00269301447507066,0.00231618362424323,0.00220279256586895,0.00215046424249648,0.00211370714907068
"61",0.00723004769156806,0.00701055602860329,0.00682843518164222,0.00654757260684173,0.00622315103857122,0.00582857695955944,0.00550448841976533,0.00530403249744802,0.00483191377202181,0.00455881070073325,0.00426166781545376,0.00393229616786629,0.00362875320816903,0.00336173719874454,0.00322841276536635,0.00318549738884713,0.00316070547590854,0.00296405591868264,0.00255105021319876,0.0024277960955174,0.00237171275220986,0.00233273605444541
"62",0.00750931560916616,0.00727362101347631,0.00707714346945011,0.00677885596819675,0.00643614600939698,0.00602168305370294,0.00568082550343871,0.00546812964540352,0.00497612875677685,0.00468988644505982,0.00437954215361785,0.00403676741270176,0.00372120015143169,0.00344371424929608,0.00330361438982181,0.00325622188885017,0.00322743204723583,0.00302340653114969,0.0025993636081481,0.00247113680038326,0.00241147584999226,0.00236931385090948
"63",0.00794582362700318,0.00769238285533734,0.00748065000723597,0.00716159999820465,0.00679598367422501,0.00635503428534813,0.00599216880976266,0.00576477525895525,0.00524335651152083,0.00493914533543377,0.00460988502946812,0.00424685376650168,0.00391280691472452,0.00361912683352108,0.00347005037807654,0.00341844910369463,0.00338641920846436,0.00317066597855892,0.00272454238163041,0.0025887656947988,0.00252491966024058,0.00247945219429365
"64",0.00842350523630794,0.00814998544054597,0.00792093927763629,0.00757861974214778,0.00718746242547093,0.00671715230146256,0.00632986274655115,0.00608602658559958,0.00553229750820698,0.0052082269343744,0.00485814363882783,0.00447290863573508,0.00411863369752929,0.00380723808699075,0.00364822654010307,0.00359181372375133,0.00355601715337734,0.00332746908394055,0.00285758987856358,0.00271355416429356,0.00264503821631157,0.00259584381436178
"65",0.00881898979946574,0.00852196127508046,0.00827209572121802,0.00790471208782176,0.0074873622344405,0.00698869748124791,0.00657751958764216,0.00631621795865051,0.00573438067229283,0.00539171023350489,0.00502299393874446,0.00461889444755343,0.00424772561688565,0.0039216435622409,0.00375312945216561,0.00369044308220396,0.00364906301490096,0.00341024339434122,0.00292500212564839,0.00277407294449547,0.00270062324347469,0.00264705615322402
"66",0.00941851567756649,0.00909984177105563,0.0088316078398358,0.00843804682015494,0.00799129333386667,0.00745792445161765,0.00701804392931997,0.00673815537586932,0.00611652908030815,0.00575011027266725,0.00535603907944658,0.00492437428114479,0.00452794248171632,0.00417968274493493,0.00399942192865536,0.00393196053224786,0.00388721581577577,0.0036322197035882,0.00311491230128897,0.00295369517387532,0.00287500667274645,0.00281750558140123
"67",0.00994468865347605,0.00960398658128991,0.009316778860994,0.00889769843065601,0.0084229283978606,0.00785733409162496,0.00739066188036286,0.00709277786907985,0.00643564817692035,0.00604745063748301,0.00563052690482268,0.00517446950598611,0.00475581202382292,0.00438808968016727,0.00419697053207176,0.00412432735211309,0.00407556346232711,0.00380652188562727,0.0032629612632258,0.00309270068161046,0.003008959392773,0.00294745565098941
"68",0.0102193570336974,0.00984960172705486,0.00953601814861799,0.00908894496277004,0.0085868379210608,0.00799428555944494,0.00750449050117544,0.00718764743488558,0.0065087239077742,0.00610390694620247,0.00567174015182726,0.00520193006506478,0.00477149328080222,0.00439375366824783,0.00419398050042636,0.0041131428410099,0.00405637836724362,0.00378101931850695,0.00323460680224469,0.00305968610348094,0.00297087791876767,0.00290432524259243
"69",0.0108633230472227,0.0104687615557652,0.0101339889833949,0.00965751412947202,0.00912272073969005,0.00849202375879495,0.00797061348542541,0.00763297653432285,0.00691105720261174,0.00648028772061744,0.00602061413484943,0.0055211244048279,0.00506355273670924,0.00466201849186716,0.00444938077790008,0.00436295017682334,0.00430207414179917,0.00400944415879289,0.00342954212483168,0.00324359033752888,0.00314896093219671,0.00307794434830888
"70",0.011402380171534,0.010977137398044,0.0106153515903038,0.01010603383041,0.00953677572449941,0.00886851405555097,0.00831558008250989,0.00795525188134893,0.0071955996371737,0.00674025623952199,0.00625579591058577,0.00573098254568738,0.005250686579924,0.00482940140854283,0.00460442944444325,0.00451037249581406,0.00444289176094936,0.00413646415732737,0.00353459997936188,0.00333953775628208,0.00323879313958974,0.00316251136074953
"71",0.0120834171923692,0.0116252369653481,0.0112347811844277,0.0106888319607584,0.010080241263438,0.0093678755524701,0.00877813181033527,0.00839228646436814,0.00758603399975795,0.00710136516717996,0.00658666918322398,0.00603018335418204,0.00552121958763201,0.00507491675200135,0.00483532715215943,0.00473342386316301,0.004659521850184,0.00433530840455688,0.00370210786136134,0.00349549677369918,0.00338780578893164,0.00330582504022728
"72",0.0126971060652141,0.0122072382312433,0.0117890816251407,0.0112084841004601,0.010563049372893,0.00980984442551542,0.00918595381202674,0.00877609646651927,0.00792754659504088,0.00741592674097272,0.00687367719934081,0.00628859636157574,0.00575383666460691,0.00528506107701712,0.00503203388243606,0.00492253055526327,0.00484227484894439,0.00450220445822715,0.0038419689606257,0.00362501341233469,0.00351086635969399,0.00342350135828778
"73",0.0134474151358368,0.0129166110256587,0.0124625559641037,0.0118378223996758,0.0111458339585242,0.0103415274886551,0.00967485153762894,0.00923456006860222,0.00833399278199734,0.00778888299717495,0.00721264273758664,0.00659257018687713,0.00602633892101393,0.00553019082415051,0.00526048045492945,0.00514115296524949,0.00505255985930711,0.00469331318064843,0.00400131927571788,0.00377181007302994,0.00364959239681272,0.00355541386454009
"74",0.0140579735288787,0.0134877777473485,0.0129988774380723,0.0123332852122768,0.0115991995302293,0.0107500192275721,0.0100456117090669,0.00957753246408297,0.00863374593910278,0.00805984856898264,0.00745506825301431,0.00680640011149734,0.00621471313903421,0.00569654745604195,0.00541251856994882,0.00528367202023889,0.0051866613186941,0.00481236436576703,0.00409813521568875,0.00385864061585584,0.0037293203235253,0.00362890923689509
"75",0.0149441776923562,0.0143287592737989,0.0138003990699136,0.0130853210816543,0.0122985563689181,0.0113908763167539,0.0106376068787903,0.0101353234919708,0.00913073012229382,0.00851825243322397,0.00787395322704497,0.00718417014572511,0.00655537088974279,0.00600487400165646,0.00570170434784398,0.00556227416915883,0.00545651402673615,0.00505940914793861,0.0043057134937685,0.00405140204040575,0.00391301589033848,0.00380512209851271
"76",0.0158804774994409,0.0152166352845326,0.0146459936889203,0.013878132873227,0.0130352981616755,0.0120655039138703,0.011260340034918,0.0107216350680493,0.0096527455629722,0.00899938151679678,0.00831327200990866,0.00758006830293517,0.00691210284230068,0.00632749957943897,0.00600406238935408,0.00585333272101599,0.00573820409186337,0.00531708507196347,0.00452205462754346,0.00425213723378578,0.00410415245460472,0.00398832050593856
"77",0.0166205754429395,0.0159078534484482,0.0152939966137328,0.0144758455380657,0.0135814113322675,0.0125568619230098,0.0117056881434148,0.0111330357034988,0.0100118560537013,0.00932360221372585,0.00860300758676629,0.00783535475613299,0.00713677695090386,0.00652573642537504,0.00618509041655775,0.00602290845553159,0.00589767642439889,0.00545861132117813,0.00463713598980647,0.00435535523122779,0.00419895601083987,0.00407576551994003
"78",0.0178175048279038,0.0170423201710954,0.0163739206676009,0.015487920595915,0.014521532444019,0.013417410361345,0.0124997600217864,0.0118804014228855,0.0106770842370535,0.00993655411740489,0.00916255522420061,0.00833949261523111,0.00759095733984567,0.00693642982572319,0.00656992942055428,0.00639332228677932,0.0062561394422865,0.00578651200298933,0.00491245437385138,0.00461083034197544,0.00444224059910337,0.00430898192381201
"79",0.0188602449916569,0.018027797315333,0.0173092618602705,0.016361886418535,0.015330905345334,0.014155998214022,0.0131791485031019,0.0125177676240443,0.0112425567442886,0.0104558468332127,0.0096349873676156,0.00876366174642992,0.00797173564653593,0.00727949823933987,0.00689020269274823,0.00670041395695477,0.00655216367219159,0.00605622200901795,0.00513799839679265,0.00481924690878636,0.00463986483930397,0.00449759921820264
"80",0.020334315487467,0.0194293304892072,0.0186476695532798,0.0176203264030147,0.0165038075158068,0.0152333286233652,0.0141767316856148,0.0134599897308956,0.0120843115252141,0.0112343209835335,0.0103483224644329,0.00940884355695754,0.00855527409682222,0.00780928274247256,0.00738865605750479,0.0071821692644136,0.00702034740142548,0.00648635728864211,0.00550078476741856,0.00515741568860548,0.00496338979075704,0.00480920516829174
"81",0.0219822991938356,0.020999171651355,0.0201496437651763,0.0190352883808817,0.0178251748908888,0.0164494411800206,0.0153050679983061,0.0145278267280501,0.013040249842763,0.0121201970511137,0.0111617468841862,0.0101460881508218,0.00922348186751903,0.0084172217968509,0.00796185260869123,0.00773734065082926,0.00756103605052981,0.00698419566818918,0.00592161904427125,0.00555056827697841,0.00534036182995333,0.00517311237325503
"82",0.023463918343301,0.0223990802510943,0.0214779944591945,0.0202762501814395,0.0189742571101092,0.0174979363505738,0.0162694171197911,0.0154323847042274,0.0138427779494122,0.0128571269138385,0.011832146075242,0.0107479961957704,0.00976381988954052,0.00890405517461195,0.0084163304099181,0.00817310249001595,0.00798109462196569,0.00736695803864684,0.00624177968759002,0.0058464630593563,0.00562098295759599,0.00544100052009269
"83",0.0253867555456683,0.0242276135141052,0.0232244389493254,0.0219187125478191,0.0205054667354076,0.018904798478124,0.0175724767383781,0.0166633669990081,0.0149428917682768,0.0138747865427368,0.0127648996352008,0.0115918763568147,0.0105272872304857,0.00959738161442901,0.00906879282639809,0.00880382173822267,0.00859416029873688,0.00793035970802893,0.00671715248171952,0.0062896985922874,0.00604513344367611,0.00584963287699462
"84",0.0278447723113652,0.0265782308710424,0.025482167522657,0.0240540612173215,0.0225075202094353,0.0207548103402596,0.0192957984864999,0.0183006525151216,0.0164145900966841,0.0152440128706977,0.0140271349305589,0.0127404661613817,0.011572462490347,0.0105520525639434,0.00997240413917461,0.00968238018884551,0.00945308697279097,0.00872433488635114,0.00739104651084053,0.00692173111602439,0.00665351226521078,0.00643921309239916
"85",0.0302614023736349,0.0288805929143651,0.027685201736382,0.0261298681974102,0.0244464633222821,0.0225398219620834,0.0209523186688079,0.0198684817979006,0.0178185971260267,0.0165452976392794,0.0152221785279411,0.0138237825045955,0.0125544811059191,0.011445598341279,0.0108148815978535,0.0104983003021445,0.0102476511372502,0.00945596677217419,0.00800964803178021,0.00749963730146565,0.00720760274287703,0.00697406546146648
"86",0.0329820074667142,0.0314743595721643,0.0301687621727736,0.0284716760221793,0.0266354647947314,0.0245565537696202,0.022825238831554,0.0216423417747108,0.0194083319930173,0.0180197651705609,0.0165772342195104,0.0150530410216178,0.0136695937155032,0.0124609636630528,0.0117728567824637,0.0114266766439761,0.0111523101785117,0.0102895503008207,0.00871497911878581,0.00815901244476972,0.00784022249726764,0.00758512318680522
"87",0.0353264021236972,0.0336918541157229,0.0322751017516904,0.03044183670785,0.0284621284788259,0.0262256862548842,0.0243624719225423,0.0230859790486125,0.0206911752770072,0.0191993345378474,0.0176518233037671,0.0160192767363487,0.0145382794419619,0.0132447865156291,0.0125055754613548,0.0121301295942011,0.0118313135999272,0.0109092475014084,0.0092343007953917,0.00863974590510961,0.00829687012551617,0.00802176947127654
"88",0.0378441253738241,0.0360758623667369,0.0345420718713703,0.0325646648577745,0.0304326591232213,0.028028479296373,0.0260248364556504,0.0246490246580365,0.0220819567797696,0.0204798002840284,0.0188198729551197,0.0170709788932701,0.0154851126036523,0.0141003252509734,0.0133064613911884,0.012900122511537,0.0125756287647296,0.0115895959718475,0.00980537486409872,0.00916923231293682,0.00880064772586874,0.00850428656703706
"89",0.0418136148419038,0.0398727176017348,0.0381893355331656,0.0360151712028353,0.0336688105430256,0.0310200897596078,0.0288123049175597,0.0272974203874955,0.024463560461461,0.0226957978892197,0.0208629448856355,0.0189303587791094,0.0171772083841787,0.0156458983451445,0.0147690672183488,0.0143216875599775,0.0139649057705606,0.0128736169395849,0.0108953188707928,0.0101911798646449,0.0097839770581977,0.00945684453846695
"90",0.0448573276357252,0.0427606731679654,0.0409410830385729,0.0385974568254664,0.0360710888802995,0.0332228649848737,0.0308480139149654,0.0292156020778416,0.0261744103779662,0.0242744763688484,0.022306315649993,0.0202329889329615,0.0183526881454912,0.0167105160844003,0.0157679307102188,0.0152841617422847,0.0148973775156462,0.0137280029541606,0.0116143327162723,0.0108594468005731,0.010421331740916,0.0100687925933179
"91",0.0495111702428898,0.0472095312637044,0.0452119874923713,0.0426357944707537,0.0398566456625779,0.0367207953536312,0.0341055385528558,0.0323085982218455,0.0289546823176908,0.0268598703539832,0.0246885610623418,0.0223998183765761,0.0203233958524347,0.018509433462265,0.0174690081305916,0.0169361491977449,0.0165104956366137,0.0152178567612519,0.0128783068170451,0.01204365752245,0.0115598609638555,0.0111707792226946
"92",0.0543455129220119,0.0518246894335658,0.0494178247801035,0.047120037165343,0.0449266293108705,0.04283308377409,0.0408350581531046,0.0389283802093772,0.0371090429358976,0.0353731995956781,0.033717158752702,0.0321373793149604,0.03063046560691,0.0291931624865691,0.0278223505205302,0.0265150412283888,0.0252683724064687,0.0240796035392471,0.0229461113055449,0.0218653851853333,0.0208350231719126,0.0198527275932366
"93",0.0626575552010788,0.0597630193506452,0.0569982657734806,0.0543578317399907,0.051836452065214,0.0494290549868575,0.0471307578165234,0.0449368624057146,0.0428428504644041,0.0408443787663801,0.0389372742722312,0.0371175291977125,0.035381296052328,0.0337248826702668,0.0321447472533395,0.0306374934432568,0.0291998654384807,0.0278287431689305,0.0265211375400565,0.0252741857561645,0.0240851467314056,0.022951396595498
"94",0.0708988797418315,0.067636918367016,0.0645200159460052,0.0615421747604072,0.0586976040147758,0.0559807165362557,0.0533861251187493,0.0509086385642378,0.0485432574694942,0.0462851698022499,0.044129746306932,0.0420725357763709,0.0401092602223931,0.0382358099749481,0.036448238736385,0.0347427586146607,0.0331157351566505,0.0315636824003085,0.0300832579621959,0.0286712581748478,0.027324613286571,0.0260403827345451
"95",0.0790703852069357,0.0754471677355488,0.0719837542810817,0.0686736561627159,0.0655105975895838,0.0624885134152302,0.0596015463962084,0.0568440440184584,0.0542105549502427,0.0516958251757403,0.049294793858929,0.047002588983141,0.0448145228076581,0.0427260871789211,0.0407329487303656,0.0388309440015664,0.0370160745042593,0.0352845017599134,0.0336325423308476,0.032056662864397,0.030553475167349,0.0291197313257595
"96",0.0871729550966546,0.0831945361292492,0.0793901493289672,0.0757528572334893,0.0722759380513379,0.0689528846779753,0.0657774030668356,0.0627434100296364,0.0598450305351085,0.0570765945702199,0.0544326336230831,0.0519078768420385,0.0494972469209222,0.0471958557562595,0.0449989999180879,0.0429021559722999,0.0409009756888195,0.0389912811665679,0.0371690599030498,0.0354304598334746,0.0337717843616265,0.0321894874021981
"97",0.095207458067284,0.090879779893446,0.0867398594063972,0.0827803507676926,0.0789941236183194,0.075374263538676,0.0719140717080977,0.0686070638484091,0.0654469685305959,0.0624277249183811,0.0595434800172964,0.0567885854927942,0.0541575941160789,0.0516452558916609,0.0492465139161764,0.0469565000137723,0.0447705301893416,0.0426840999371072,0.0406928794384992,0.0387927086799375,0.0369795925180275,0.0352496957167879
"98",0.103174748241597,0.098503643291938,0.0940335327916454,0.0897567012231799,0.0856656455876977,0.0817530774682859,0.0780119241335376,0.0744353287753042,0.0710166499690747,0.0677494604400154,0.0646275452123408,0.0616448992143982,0.0587957244066956,0.0560744264951022,0.05347561128663,0.0509940807405906,0.048624828763514,0.0463630367920364,0.0442040692040076,0.0421434685943463,0.0401769509486756,0.0383004007445012
"99",0.111075665511527,0.106066858747265,0.101271807915139,0.0966824648718288,0.0922909884552968,0.0880897482893876,0.0840713274678691,0.0802285242201605,0.0765543526557767,0.0730420426791673,0.0696850391612192,0.0664770004482935,0.0634117962843277,0.0604835052162963,0.0576864115482295,0.0550150019040558,0.0524639614547991,0.0500281698611241,0.0477026969779097,0.0454827983634387,0.0433639106319303,0.0413416466845099
"100",0.118911035833322,0.11357014707527,0.108455313545745,0.103558189947399,0.0988706300328841,0.094384692269178,0.0900926442206573,0.0859869657604801,0.0820603512149861,0.0783057105406798,0.0747161696280666,0.0712850698212232,0.0680059667365715,0.0648726284589513,0.0618790331877963,0.0590193664010501,0.0562880175994451,0.0536795766889334,0.0511888300544252,0.0488107563735676,0.0465405222150963,0.0443734774623202
"101",0.12668167151538,0.121014217714103,0.115584668972848,0.110384416790199,0.10540504156304,0.100638320210624,0.096076232358612,0.0917109651987321,0.0875349171354372,0.0835407003261422,0.0797211422166015,0.076069286167737,0.0725783912648619,0.0692419313948378,0.0660535936713067,0.063007276282814,0.0600970858334157,0.0573173342402907,0.0546625352479728,0.0521274006141039,0.0497068360171067,0.0473959367318875
"102",0.134388371498979,0.128399768947831,0.122660484184322,0.117161677988638,0.111894687831664,0.106851037541829,0.102022445376528,0.0974008306186322,0.0929783188149377,0.0887472457692522,0.0847001603981341,0.0808298265523644,0.0771292239020165,0.0735915479776649,0.0702102094548623,0.0669788327636159,0.0638912540992382,0.0609415189056935,0.058123878897439,0.0554327886808045,0.0528629020311793,0.0504090678777113
"103",0.14203192163211,0.135727488124787,0.129683360040508,0.123890498517743,0.118340027278186,0.113023244403649,0.107931632366901,0.103056866440418,0.0983908216042325,0.0939255780706028,0.0896534255391401,0.0855668662914591,0.0816586172295331,0.0779216109567703,0.074348995995519,0.0709341362293148,0.0676706096527719,0.0645522065066575,0.0615729268704013,0.0587269777791469,0.0560087699274486,0.0534129140169113
"104",0.149613094936601,0.142998051870818,0.136653888444305,0.130571395874717,0.124741512103513,0.119155335735604,0.113804138088242,0.108679373475143,0.103772687850121,0.0990759259319058,0.0945811369284073,0.0902805789747208,0.0861667223946423,0.0822322518906247,0.0784700677619777,0.0748732862458186,0.0714352390698967,0.0681494723010042,0.065009744567306,0.0620100247276285,0.0591444890555709,0.0564075180012837
"105",0.157132651868734,0.150212126297556,0.143572652507465,0.137204880211609,0.131099588375791,0.125247701360119,0.119640303032132,0.114268648978002,0.109124176937848,0.104198515589661,0.0994834918037638,0.0949711364863998,0.0906536891271209,0.0865236011601564,0.0825735382451372,0.0787963815674387,0.0751852282531242,0.0717333909880899,0.0684343969256023,0.0652819859610343,0.0622701084473053,0.0593929224193396
"106",0.164591340573523,0.157370367205855,0.150440226713204,0.143791454465174,0.137414696134023,0.131300726065127,0.125440463489027,0.119824986700724,0.114445545332771,0.109293570848285,0.104360685378394,0.0996387090261897,0.0951196657558692,0.0907957879818964,0.0866595199685126,0.0827035201451426,0.0789206624381315,0.075304036713976,0.0718469484238318,0.0685429175336698,0.0653856768190687,0.0623691695983233
"107",0.171989897132856,0.164473420284525,0.157257177075211,0.150331614483984,0.143687269489584,0.137314789685089,0.131204951612855,0.12534867694303,0.119737046621339,0.114361313112701,0.109212910866753,0.104283465129814,0.0995647992252557,0.0950489404209479,0.090728124498521,0.0865947991347061,0.0826416262002195,0.0788614830765425,0.0752474630856758,0.0717928751225626,0.0684912425744677,0.0653363016062128
"108",0.179329045807644,0.171521921304486,0.164024061293157,0.156825849152859,0.149917736725701,0.143290267180442,0.136934095484423,0.130840006603197,0.124998931551368,0.119401961420415,0.114040359510076,0.108905571689313,0.103989235111234,0.0992831854037834,0.0947794624546355,0.0904703149047666,0.0863482034606955,0.0824058031305448,0.0786360044839587,0.075031914030631,0.0715868538068047,0.0682943602537023
"109",0.186609499274177,0.178516496308462,0.170741428904792,0.163274640514692,0.156106520394932,0.149227528715529,0.142628219173656,0.136299259227728,0.130231448071653,0.124415732473071,0.11884322060151,0.113505193973028,0.108393117637235,0.103498648730871,0.0988136435194113,0.0943301630447782,0.0900404774931831,0.0859370693926143,0.0820126357446101,0.0782600891898207,0.0746725583015605,0.0712433870961657
"110",0.193831958854816,0.185457761796344,0.177409821434708,0.169678463889721,0.162254037414697,0.15512693973504,0.14828764280071,0.141726715060156,0.135434841370915,0.129402840667508,0.123621681510855,0.118082495645307,0.112776589689839,0.107695455089133,0.102830776448383,0.0981744383728714,0.0937185309298578,0.0894553538462044,0.0853774195505845,0.0814774551642107,0.0777484035388537,0.0741834234356027
"111",0.200997114743202,0.192346324906326,0.184029772539868,0.176037787992318,0.168360699160901,0.160988861038992,0.153912682595959,0.147122651089002,0.140609353916099,0.134363498126319,0.128375927708927,0.122637638785911,0.117139792834226,0.11187372806424,0.10683096907984,0.102003234943617,0.0973824457676115,0.0929607279464816,0.0887304181457402,0.0846840661530869,0.0808144366958751,0.0771145103225667
"112",1,1,1,1,1,1,1,1,1,1,1,1,1,1,1,1,1,1,1,1,1,1
