"","1961","1962","1963","1964","1965","1966","1967","1968","1969","1970","1971","1972","1973","1974","1975","1976","1977","1978","1979","1980","1981","1982"
"0",0.043976,0.038047,0.03575,0.035966,0.033229,0.03309,0.030752,0.028316,0.027533,0.025175,0.023223,0.020656,0.018742,0.017919,0.016602,0.015079,0.013885,0.013422,0.012356,0.010322,0.010216,0.009957
"1",0.002843,0.002667,0.002164,0.001861,0.001642,0.001434,0.001364,0.001367,0.001387,0.001404,0.001329,0.001346,0.001123,0.001148,0.001085,0.001102,0.001158,0.000978,0.000987,0.000859,0.000793,0.000909
"2",0.001473,0.001205,0.001049,0.001127,0.000913,0.00083,0.000944,0.000765,0.00101,0.00088,0.000851,0.000673,0.000701,0.000649,0.000749,0.000753,0.000619,0.000629,0.000607,0.000409,0.000543,0.000517
"3",0.000868,0.00078,0.000714,0.000667,0.000641,0.000671,0.000736,0.000664,0.000693,0.000639,0.000558,0.000497,0.00044,0.000475,0.000494,0.000491,0.000396,0.000357,0.000334,0.000335,0.000318,0.000385
"4",0.000654,0.000603,0.000549,0.000504,0.000542,0.000494,0.000542,0.000485,0.000522,0.00045,0.000376,0.000372,0.000384,0.000379,0.000349,0.000328,0.000346,0.000255,0.000302,0.000265,0.000226,0.000281
"5",0.000504,0.000491,0.000397,0.000432,0.000439,0.000378,0.000455,0.000395,0.000393,0.000352,0.000388,0.000347,0.000265,0.000336,0.000333,0.000293,0.000231,0.000278,0.000241,0.000233,0.000215,0.000209
"6",0.000438,0.000442,0.000342,0.000388,0.000423,0.000355,0.000352,0.000325,0.000407,0.000296,0.000249,0.000293,0.000262,0.000334,0.000244,0.000212,0.000193,0.00016,0.000203,0.000247,0.000167,0.000193
"7",0.000363,0.000363,0.000361,0.00036,0.000366,0.000329,0.000363,0.000301,0.000251,0.000308,0.000309,0.00024,0.000287,0.000233,0.000225,0.000186,0.000183,0.000221,0.000233,0.000201,0.00017,0.000224
"8",0.000335,0.000377,0.000368,0.000362,0.00031,0.000293,0.000299,0.000251,0.000237,0.000285,0.000287,0.000237,0.000234,0.000214,2e-04,0.000229,0.00023,0.000188,0.000151,0.000152,0.000145,0.000149
"9",0.000254,0.000268,0.000277,0.000287,0.000349,0.000254,0.000236,0.000247,0.00031,0.000266,0.000236,0.00019,0.00019,0.000185,0.000166,0.000161,0.000211,0.000178,0.000164,0.000159,0.000152,0.000144
"10",0.000243,0.00028,0.00026,0.00018,0.000283,0.000278,0.000244,0.000234,0.000246,0.000252,0.000204,0.000181,0.000196,0.000184,0.000174,0.000154,0.000125,0.000181,0.000181,0.000159,0.000152,0.000151
"11",0.000272,0.000263,0.000256,0.000303,0.000252,0.000234,0.00029,0.000249,0.000267,0.00017,0.000173,0.000187,0.000161,0.000187,0.000168,0.00012,0.000185,0.000132,0.000154,0.000151,0.000133,9.3e-05
"12",0.000243,0.000295,0.000261,0.000237,0.000217,0.000221,0.000187,0.00027,0.000232,0.000211,0.000179,0.000221,0.000229,0.000196,0.000174,0.000129,0.000191,0.000216,0.000186,0.000182,0.00015,0.00015
"13",0.000291,0.000265,0.000217,0.000259,0.000281,0.000244,0.000175,0.000224,0.000238,0.000164,0.000182,0.00014,0.000222,0.000177,0.000155,0.000181,0.000234,0.000167,0.000179,0.000111,0.000182,0.000164
"14",3e-04,0.000287,0.00021,0.000323,0.000302,0.000222,0.000309,0.000211,0.000235,0.000233,0.000279,0.000217,0.000219,0.000198,0.000234,0.000217,0.000242,0.00022,0.000191,0.000173,0.00018,0.000171
"15",0.00028,0.000306,0.000372,0.000289,0.000329,0.00029,0.000251,0.00028,0.00027,0.000239,0.000285,0.000223,0.000271,0.000278,0.000273,0.000231,0.000247,0.000247,0.000183,0.000165,0.000201,0.000234
"16",0.000417,0.000287,0.00034,0.000313,0.000317,0.000269,0.00028,0.000317,0.000267,0.00033,0.000357,0.000291,0.000295,0.000327,0.000245,0.000209,0.000251,0.00022,0.000253,0.000283,0.000267,0.000259
"17",0.000329,0.000329,0.000333,0.000319,0.00034,0.000341,0.00029,0.000283,0.000299,0.000315,0.000338,0.000337,0.000344,0.000305,0.000309,0.000259,0.000232,0.000231,0.000229,0.000244,0.000307,0.00022
"18",0.000385,0.000325,0.000327,0.000363,0.000359,0.00033,0.000321,0.000361,0.000513,0.000375,0.00045,0.00039,0.000447,0.000322,0.000278,0.000233,0.000254,0.000248,0.000247,0.000276,0.000232,0.000241
"19",0.000313,0.000296,0.000386,0.000436,0.000392,0.000378,0.000394,0.000471,0.000376,0.000431,0.000413,0.000404,0.000345,0.000351,0.000241,0.00025,0.000253,0.000302,0.000265,0.000271,0.000282,0.000218
"20",0.000376,0.00034,0.00032,0.000364,0.000378,0.000374,0.000407,0.000449,0.000456,0.000431,0.00044,0.000436,0.000343,0.000294,0.000272,0.000263,0.000245,0.000239,0.000219,0.000289,0.000253,0.000261
"21",0.000364,0.000328,0.00037,0.000378,0.000401,0.000422,0.000406,0.000381,0.000427,0.000406,0.00042,0.000352,0.000251,0.000287,0.000238,0.000235,0.000255,0.000253,0.000256,0.000231,0.000248,0.000288
"22",0.000372,0.000372,0.000352,0.000329,0.000387,0.000396,0.000426,0.000422,0.000481,0.000354,0.000359,0.00032,0.000307,0.00033,0.000237,0.000246,0.000245,0.000275,0.000251,0.000315,0.00025,0.000228
"23",0.00039,0.000367,0.000415,0.000476,0.000435,0.000435,0.000389,0.000434,0.000441,0.000393,0.000336,0.000361,0.000321,0.000296,0.000274,0.000291,0.000226,0.00025,0.000249,0.000245,0.000274,0.000194
"24",0.000405,0.000441,0.000551,0.000452,0.000425,0.000507,0.000459,0.000413,0.000363,0.000351,0.00039,0.000377,0.000265,0.000295,0.000304,0.000315,0.000225,0.000236,0.000235,0.000235,0.000269,0.000197
"25",0.00041,0.000366,0.000563,0.000578,0.000452,0.00052,0.000532,0.000414,0.000417,0.000423,0.000443,0.000345,0.00033,0.000222,0.000288,0.000296,0.000246,0.000272,0.000251,0.000216,0.000201,0.000169
"26",0.000402,0.000555,0.000487,0.000489,0.000537,0.000502,0.000576,0.000421,0.000437,0.000437,0.000335,0.000356,0.000278,0.000292,0.000284,0.000237,0.000283,0.000239,0.000259,0.000233,0.000188,0.000191
"27",0.000474,0.000514,0.000591,0.000533,0.000525,0.000581,0.000645,0.000481,0.000488,0.000349,0.000327,0.00031,0.000321,0.000299,0.000291,0.000281,0.000263,0.000217,0.000269,0.000206,0.000206,0.000209
"28",0.000533,0.000563,0.000575,0.000632,0.000588,0.000624,0.00054,0.000566,0.00038,0.000424,0.000269,0.000308,0.000384,0.000317,3e-04,0.000293,0.000217,0.000231,0.000211,0.000215,0.000223,0.000197
"29",0.000657,0.000621,0.000677,0.000641,0.000618,0.000643,0.000663,0.00047,0.000363,0.000474,0.000294,0.000342,0.000346,0.00031,0.000307,0.000255,0.000223,0.000287,0.000222,0.000251,0.000242,0.000208
"30",0.000664,0.000601,0.000628,0.000681,0.000618,0.000671,0.000504,0.000389,0.000392,0.000466,0.000404,0.000387,0.000321,0.000323,0.000296,0.000232,0.000302,0.000272,0.000231,0.000224,0.000262,0.00025
"31",0.000573,0.000698,0.000683,0.000718,0.000746,0.000603,0.000435,0.000492,0.000378,0.00037,0.000381,0.00039,0.000401,0.000331,0.000298,0.000296,0.000249,0.00025,0.000246,0.000283,0.000243,0.000235
"32",0.000674,0.000704,0.000741,0.000807,0.000568,0.000462,0.000481,0.000445,0.000515,0.000424,0.000393,0.000382,0.000375,0.000365,0.000305,0.000264,0.000275,0.000254,0.000282,0.000308,0.000209,0.000231
"33",0.000838,0.000723,0.000869,0.000642,0.000519,0.000615,0.000509,0.000508,0.000499,0.000433,0.00038,0.000431,0.000377,0.000345,0.000323,0.000332,0.000302,0.000257,0.00027,0.000254,0.000291,0.000202
"34",0.000833,0.00069,0.000653,0.000595,0.000495,0.000506,0.000545,0.000458,0.000507,0.000451,0.000457,4e-04,0.000381,0.000376,0.000351,0.000336,0.000329,0.000288,0.00026,0.000292,0.000289,0.000287
"35",0.000812,0.000628,0.000557,0.000631,0.000546,0.000528,0.000539,0.00053,0.000493,0.000506,0.000417,0.000382,0.000482,0.000425,0.000378,0.000324,0.000335,0.000331,0.000296,0.000279,0.000338,0.000349
"36",0.000657,0.000693,0.000557,0.000707,0.000639,0.000593,0.000626,0.000544,0.000624,0.000506,0.000494,0.000511,0.000471,0.000401,0.000417,0.000382,0.000383,0.000333,0.000411,0.000321,3e-04,0.000332
"37",0.000637,0.00065,0.000705,0.000715,0.000702,0.000666,0.000619,0.00062,0.000623,0.000539,0.000498,0.000445,0.000476,0.000442,0.000468,0.00047,0.00039,0.000332,0.000417,0.000423,0.000361,0.00037
"38",0.000751,0.000708,0.000786,0.00071,0.000794,0.000611,0.000619,0.000671,0.000611,0.000532,0.000575,0.000473,0.000519,0.000528,0.000474,0.00047,0.00043,0.000399,0.000475,0.000424,0.000422,0.000425
"39",0.00078,0.000823,0.000799,0.00075,0.000766,0.000717,0.000799,0.000737,0.000682,0.000534,0.000566,0.000587,0.000474,0.000569,0.000461,0.000451,0.000493,0.00045,0.000441,0.000436,0.000444,0.0004793026
"40",0.000867881251942165,0.000859298340058118,0.000859929067534444,0.000818563342665574,0.000799319774080937,0.000755424526277731,0.000745131541511303,0.000726206524912042,0.000703313642935531,0.000643854478385057,0.000619996010290982,0.000624855983991201,0.00057160070391679,0.000558138501279078,0.000560593969358717,0.000517243000781739,0.00052083291067557,0.000477512615971853,0.000505999999998783,0.00052232988832198,0.000530168208034654,0.000533605164406365
"41",0.00092110671632698,0.000921520353175906,0.000887768958128631,0.000880975498681459,0.000827585266703475,0.000812002464548044,0.000794307166684182,0.00077039828771192,0.000746169634085025,0.000692681350714904,0.000676008473008027,0.000658621243734059,0.000617291745067714,0.000617227395589256,0.000592658835702598,0.000565387059998466,0.000561530972481228,0.000509223001997015,0.000544626318002107,0.000563166552444161,0.000572597603595663,0.000577297581032288
"42",0.000990304621131933,0.000950578573423499,0.000950744807812692,0.000904393340085769,0.000877513318879899,0.000853083692755924,0.000827825168463903,0.000799342155349555,0.000782566868823048,0.00073670924614435,0.000693593861339274,0.000689232589159308,0.000663040345941034,0.000633813967116592,0.000627616217708729,0.000590884094022539,0.000578559043534789,0.000527270236087109,0.000563076430698685,0.000581365237477467,0.000590208165853757,0.000594153838115495
"43",0.00105908065100828,0.00106051094036853,0.00101421520809135,0.00100117696569565,0.000962017698715877,0.000928143358237695,0.000897742337860694,0.000878051534254475,0.000872644548299793,0.000790549254522961,0.000761683371949516,0.000778047015098403,0.000712688644512399,0.000705153824710839,0.000688154589186538,0.000638654054426308,0.00062967486785223,0.000573563794654161,0.000612203236822758,0.000631767283379759,0.000641051743420119,0.00064501019375776
"44",0.00116349826007958,0.00111393448957638,0.00110722525392047,0.00108242230400042,0.00103267739568238,0.000993862968602555,0.000974507775009358,0.000967699645780965,0.000925271259048823,0.000858863066473945,0.000850645163648007,0.000826703123429621,0.000784616374984519,0.000764826509133646,0.000736036115825668,0.000688460921735822,0.000678836030004714,0.000618393846622005,0.000660106419750379,0.000681256049291475,0.000691323357275117,0.000695648139348114
"45",0.00121558082069058,0.00120907494436894,0.00119181439993115,0.00115967564996905,0.00110678530835184,0.00108051410891625,0.00107385865198512,0.0010306428037464,0.00101019937889842,0.000960293382445878,0.00090884328114548,0.000913689530449076,0.000855177794160727,0.000824620899941661,0.00080126149496344,0.000750921937154766,0.000741857911396805,0.000677113319203867,0.000724186631337624,0.000748836954442469,0.000761374761867049,0.000767621665567004
"46",0.00129611112396889,0.00127848744567598,0.001252245167532,0.00121541428040381,0.00117311547201392,0.00116015771217564,0.00111561578231748,0.00109256154543966,0.00109646943399247,0.000999208769627277,0.000974324024689923,0.00096726051021066,0.000894382638887965,0.000867815442992637,0.000843033198876824,0.000789882631854014,0.000780163940794435,0.000711907987457641,0.000761220333372674,0.000786945241271601,0.000799932036094849,0.000806304725952858
"47",0.00143260570187657,0.00140326455410499,0.00137013877364617,0.00134504557261165,0.00131593082172112,0.00125710820261373,0.00123392240160646,0.00123887443962548,0.00118975488267218,0.00111815992104034,0.0010761568418441,0.00105449820111016,0.000980912398143585,0.000951184342612176,0.000923448013280162,0.000864690710667363,0.000853521680753622,0.000778364472400099,0.000831763722761852,0.000859339080791611,0.00087297859391464,0.000879387250980335
"48",0.0015121415122952,0.0014781031351251,0.00146118951891507,0.00145412410835729,0.00137407320644921,0.00134191041588928,0.00135018098752537,0.00129615016869884,0.00128528640151707,0.00119180555197981,0.00113282062096016,0.00111802941033002,0.00104019293357197,0.00100884549408765,0.00097959984472099,0.000917430850777778,0.000905739680568346,0.000826129504008382,0.000882960739096796,0.000912393687257814,0.000927038122418892,0.000934007696379912
"49",0.00159618947845225,0.00157924050662343,0.00158256816320048,0.00152117321209188,0.00146884006074778,0.00147048800698324,0.00141497724117595,0.00140210188727913,0.00137192045687565,0.0012561538891727,0.00120218593953624,0.00118642366742674,0.0011037648206395,0.00107044259661613,0.00103935403680723,0.000973339201593603,0.000960882634852917,0.000876377377170849,0.000936613673939539,0.00096778179414799,0.000983261071791015,0.000990598763810727
"50",0.00171125136240472,0.00171634033155505,0.00166114635677335,0.00163179638918188,0.00161529606164059,0.00154633113485626,0.00153607551070257,0.00150185274856158,0.00145107265799672,0.00133786020413298,0.00128036853152682,0.00126356796938937,0.001175522142237,0.00114002167350018,0.0011069007751379,0.00103658485368183,0.00102330818471015,0.000933303125662085,0.000997441687406987,0.00103062323345306,0.00104709668651875,0.00105489972919285
"51",0.00189335547417557,0.00183771020323369,0.00181828362168731,0.00182807120441533,0.00173356460271759,0.00171215861299571,0.0016788550307947,0.00162311973522429,0.00158051640382782,0.00145845198970764,0.00139697278864302,0.00137982216315844,0.00128477440248346,0.00124704097150206,0.00121184718725808,0.00113583586947526,0.00112224769391914,0.00102441645855825,0.00109575357311732,0.00113317467996169,0.00115227269794088,0.00116185309839276
"52",0.00194438014680716,0.00192449369420088,0.00195384383703096,0.00187890952770878,0.00183688432259568,0.00179066989958962,0.00173132116770047,0.00168209639255424,0.00163552247306829,0.00150697772453491,0.00144131806301566,0.00142151742073689,0.00132163987236872,0.00128092637093576,0.0012429352092031,0.00116325090255538,0.00114763484896359,0.00104604107994318,0.00111722919439476,0.00115367486120573,0.0011713832953387,0.00117937566479457
"53",0.00214746339521031,0.00217629551963988,0.00211361690905241,0.00210000036005094,0.0020254844193994,0.00195271456904732,0.00190451647949148,0.00185290929215828,0.00180408077964381,0.0016645715986532,0.00159423250842545,0.00157449106893804,0.00146587632707809,0.00142267123158767,0.00138237240975526,0.00129552604580389,0.00127989004704558,0.0011681910067948,0.00124940597268825,0.00129193574739911,0.00131356841150592,0.00132434768212421
"54",0.00228430892957979,0.00221941275612117,0.0022207413121092,0.00217885278313287,0.00207625061831738,0.0020142218836802,0.00196409547491162,0.00191047489900917,0.00185974103142704,0.00171556939604793,0.00164273226512216,0.00162205152151074,0.00150984057081366,0.00146503373735952,0.00142323773617932,0.00133354556133375,0.00131717563316404,0.00120197158598603,0.00128526664530569,0.00132873963906781,0.00135070649614254,0.00136150620481809
"55",0.00240049075397701,0.00240373142172563,0.00237489189095963,0.0023028151040868,0.0022092143293916,0.00214351351303465,0.0020904623475397,0.00203367677791936,0.00197994855194834,0.00182671401870664,0.00174940312349468,0.00172762147539972,0.00160833265325706,0.00156082155152472,0.00151650524383919,0.00142113443647226,0.00140388596392739,0.00128127745424458,0.00137026024853153,0.00141680653689627,0.00144043109607919,0.00145215161984417
"56",0.00266194450546708,0.00263425465110711,0.0025786789280327,0.00252073768449468,0.00242211214157751,0.00235380473115092,0.00229918737405359,0.00224027718625544,0.00218454775359865,0.00201867316316835,0.00193630227557979,0.00191522438536965,0.0017858079769578,0.00173580103437435,0.00168918966893751,0.00158546797466892,0.00156870742887845,0.00143397346828833,0.00153599146055686,0.00159068470319126,0.00161977186689636,0.00163553987709263
"57",0.00287675185311672,0.00282002589334939,0.00277669878135679,0.00271522347577703,0.00260986834649721,0.00253712118928287,0.00247908589511475,0.00241638088972676,0.00235706525667543,0.00217882575707442,0.00209062468808222,0.00206856422312957,0.00192943668878549,0.00187604021760154,0.00182627866527978,0.00171471730438681,0.00169716254010815,0.00155191891980482,0.00166288854079703,0.00172268103102216,0.00175477341460706,0.0017724531287685
"58",0.00297653056879374,0.0029279979678189,0.00287779337092355,0.00280898604273886,0.00269510546532294,0.00261523994051599,0.00255079211295263,0.00248177295000817,0.0024164700893138,0.00222969510996793,0.00213556216787203,0.00210920268850149,0.00196378076968752,0.00190597753701986,0.001852063370598,0.00173577924322934,0.00171489905367799,0.0015652990232383,0.00167418940906268,0.00173124879659203,0.00176030864663972,0.00177482565905398
"59",0.003250583636911,0.00320210801547799,0.00315165756025409,0.0030806560023225,0.0029599447083029,0.00287629603803741,0.00280938537516241,0.00273723766584059,0.00266898475842419,0.00246617766487923,0.00236540388861997,0.0023395138096555,0.00218129552675991,0.0021200860714047,0.00206303105924467,0.0019362374845145,0.00191565325809429,0.0017510149946754,0.00187547530560619,0.00194213964423935,0.00197753418693706,0.0019966644509398
"60",0.00347621242923478,0.00342469629719688,0.00337105806691197,0.00329542581209701,0.00316659888715133,0.00307740151039501,0.00300609720700909,0.00292917509920794,0.00285640669968609,0.00263960798107303,0.00253198717929759,0.00250451093501657,0.0023353552345402,0.00227003764040612,0.00220915635896083,0.00207357828301143,0.00205172824905271,0.00187557279131871,0.00200907677001192,0.0020806870237652,0.00211880714447699,0.00213950663426871
"61",0.00363711942979295,0.00358040754728842,0.00352156556788413,0.00343985574688487,0.00330278947549271,0.00320723768077817,0.00313046713676821,0.00304796943986656,0.00296991803463796,0.00274235073994721,0.00262847720196093,0.00259791411938672,0.00242054942579026,0.00235100313470245,0.002286155415339,0.00214416833045774,0.0021199100086071,0.00193638030570888,0.00207258528801059,0.00214477522056084,0.00218235601152098,0.00220194746866521
"62",0.00390509619625324,0.00384061882562484,0.00377397561067228,0.00368296938368613,0.00353291621482628,0.00342750549310163,0.00334234080179888,0.00325122299410874,0.00316501068819019,0.00291976759615152,0.00279591566639548,0.0027608271119571,0.00256993976175359,0.00249377211714137,0.00242272363056099,0.00227013439851855,0.00224235663190659,0.00204631498657124,0.00218820903492191,0.00226231329160157,0.002299805619138,0.00231828621733633
"63",0.00412353074726057,0.00405253798125181,0.00397936122126558,0.00388061689034625,0.00371984107609222,0.00360626464382493,0.00351413589416666,0.00341588283451946,0.00332291915939054,0.00306324170417002,0.00293119989188276,0.00289233748639289,0.00269042621309453,0.00260881506361412,0.00253267107701896,0.00237145491067929,0.00234075723491944,0.0021345806128441,0.00228095789941495,0.00235651167849421,0.00239384687489953,0.00241135235774943
"64",0.00430126501133657,0.00422146142344253,0.00413959507529161,0.00403138276545063,0.00385910342601996,0.00373618517926234,0.00363578437020522,0.00352932212996183,0.00342860043794444,0.00315636437918129,0.00301619954805337,0.00297216125168263,0.00276091638654189,0.00267352487485528,0.00259196118451242,0.00242366918671437,0.00238904104522214,0.00217564766314643,0.00232167829028542,0.00239531775919067,0.00242995746669779,0.00244439703475316
"65",0.00457071358801844,0.00448212008681142,0.00439148477191232,0.00427307396805694,0.00408700952789294,0.00395348851748083,0.00384399720364886,0.00372828497225007,0.0036188245977371,0.00332866927421478,0.00317816499916266,0.00312911550262075,0.00290425895375313,0.00280995372617893,0.00272192584151073,0.00254304469414204,0.00250459274983823,0.00227895069164343,0.00242986005032836,0.00250481243789588,0.00253888836256321,0.00255181706592801
"66",0.00495506284527376,0.00485947273614247,0.00476165083155298,0.00463369109467073,0.0044323374823664,0.00428793462205469,0.00416956971153676,0.004044434249069,0.00392605803993924,0.00361160571914117,0.00344863020969292,0.00339572322398779,0.00315200233466038,0.00304993697146559,0.00295466663539075,0.00276074754864685,0.00271925743209778,0.00247450671515974,0.00263861162624676,0.00272025692736864,0.0027575209562695,0.00277182148746718
"67",0.00546193455903022,0.00535969197012666,0.00525486522938468,0.00511663538793811,0.00489715182089385,0.00474037018818162,0.00461220601623229,0.00447639697588778,0.00434791340001827,0.00400200712431054,0.00382364451609311,0.00376718129726478,0.00349884031904134,0.00338751956390662,0.00328361923594866,0.00306990088370265,0.00302552912780048,0.0027548185991258,0.00293922746389238,0.00303194281438916,0.0030752700453804,0.00309302228511321
"68",0.00563593095100712,0.00551849343381136,0.00539888167849671,0.00524551611564346,0.00500966691978325,0.00483881557402757,0.00469782719443279,0.00454965495786216,0.00440952979191887,0.0040499604418266,0.00386110810215528,0.00379588023372929,0.00351788493744592,0.00339860622182129,0.00328725470238849,0.00306666577295925,0.00301581681719573,0.00274004789873465,0.00291715747090452,0.00300268109913039,0.00303901602762384,0.00304996116594882
"69",0.00615286595266768,0.00601814265449878,0.00588133497451144,0.00570808576230029,0.00544554402778211,0.00525414011112082,0.00509553484377532,0.00492948282147838,0.00477249338740362,0.00437858710219399,0.00416989703470523,0.00409502002213571,0.00379101337631638,0.0036585137573184,0.00353482044037995,0.00329405318165772,0.00323593118287492,0.00293685585492546,0.00312330580142931,0.00321139704029354,0.00324674321113724,0.00325491325028864
"70",0.00646268172182147,0.00631232335502926,0.00616019019055004,0.00597035479457713,0.00568777449916972,0.00548017202398566,0.00530730153159093,0.00512715904798986,0.00495692345979021,0.00454142677917404,0.00431891940450052,0.00423542741513919,0.00391550674166948,0.00377336482901854,0.00364068335087694,0.00338795475566809,0.00332351557193042,0.00301212171838434,0.00319886446505341,0.00328448119607247,0.00331598199345987,0.00331967131779387
"71",0.00701794989171526,0.00685014021623035,0.00668062466123297,0.00647046988348743,0.00616014277330753,0.00593137425404068,0.00574047232126931,0.00554195994759473,0.00535440890491535,0.00490235058580669,0.00465907688803587,0.00456598782941249,0.00421830726094098,0.00406248490113148,0.00391704534173819,0.00364272193781507,0.00357107412978918,0.00323434537372946,0.00343259403709148,0.0035221359267078,0.00355356467739356,0.00355516592868794
"72",0.00734577827495636,0.00715736940240049,0.00696782865248826,0.00673662897290751,0.00640212287541052,0.00615339754362671,0.00594475132128409,0.00572896100693906,0.0055252309586708,0.00504974778200856,0.00479061883181486,0.00468654625798422,0.00432198034706281,0.00415492085760939,0.00399904244280732,0.00371235803449806,0.00363286381414918,0.00328445309612338,0.0034795696436067,0.00356398297398649,0.00358938589110974,0.00358461255016159
"73",0.00793206147073872,0.00772122040122756,0.00750955566461955,0.00725343408440806,0.00688667053892194,0.00661278703771056,0.00638245139730671,0.00614488772205768,0.00592069628577813,0.00540600316459112,0.00512368577205891,0.00500758165049948,0.00461362381797465,0.00443104754451323,0.00426072916538449,0.00395150041278294,0.0038631854446834,0.00348934381722855,0.00369309512866091,0.00377906918944217,0.00380236352705669,0.00379367363617643
"74",0.00879928171326039,0.00856263638651855,0.00832522912741198,0.00803870376178291,0.00762978085352813,0.00732398920855931,0.00706660924160513,0.00680139369270391,0.00655114402882355,0.00597972292691087,0.0056656227660962,0.00553545861616591,0.00509833244605029,0.00489500096961164,0.00470533666893057,0.00436243739122129,0.0042635674034722,0.00384974304323407,0.00407322944854295,0.00416671336184406,0.00419104977859887,0.00418012772316707
"75",0.0095353509600593,0.00926983457008077,0.00900400439153437,0.00868561448477892,0.00823572070311814,0.00789791150176237,0.00761290947699655,0.00732002432807205,0.00704379615477498,0.00642311524255014,0.0060797725026981,0.0059342836889619,0.00546031714586062,0.0052374214271399,0.00502956543494618,0.00465847735150421,0.00454844487758672,0.00410295323466074,0.00433689313055389,0.00443208919790042,0.00445361537291197,0.00443766446103822
"76",0.0100468376490273,0.00974846018524438,0.00945085441561492,0.00909928484950106,0.00861151689837252,0.0082425510894337,0.00792996712600417,0.00761034915411142,0.0073092055176556,0.00665243201476625,0.00628482799328997,0.00612273845161664,0.0056229809026543,0.00538316383443311,0.0051596694072707,0.00476987214877007,0.0046483307491184,0.00418506290331403,0.00441525183861098,0.00450356658717424,0.00451681330507176,0.00449205671305354
"77",0.010930807742172,0.010595912070891,0.0102624924036701,0.00987116674647207,0.00933298005519609,0.00892445654758857,0.00857770232410325,0.00822400977650797,0.00789093854741397,0.00717494183637756,0.00677190392653374,0.00659086705966667,0.00604704087986336,0.00578353470155342,0.00553805260075053,0.00511471442880207,0.00497956180099874,0.00447894311157482,0.00472072268029241,0.0048104870387747,0.00481996686448368,0.00478890911816319
"78",0.0117088606777837,0.0113315965966069,0.0109571090807701,0.010522089744177,0.00993217191438736,0.00948191475572607,0.00909862183404595,0.00870920752266036,0.00834284277629368,0.00757345692654459,0.00713636311661953,0.00693424338035883,0.00635169755330193,0.00606499752962004,0.00579808711018071,0.00534612891583648,0.00519636369753899,0.00466631805241169,0.00491018274313129,0.00499538071533983,0.00499705320624541,0.00495674860663117
"79",0.0131675587996679,0.0127436711286142,0.0123228810723909,0.0118339872108361,0.0111708480405388,0.0106647525853481,0.0102339472663585,0.00979623108012733,0.00938441625765835,0.00851922690755224,0.00802778602113081,0.00780064924922581,0.00714552761972638,0.00682319750043411,0.00652311254955977,0.00601481653666599,0.00584649146592564,0.00525028572392531,0.00552483204061568,0.00562086091342546,0.00562290882671391,0.00557772095283642
"80",0.0145199806464467,0.0140448938146602,0.0135737327966343,0.0130281055333445,0.0122913461663167,0.0117280882251816,0.0112481927088279,0.0107612254036202,0.0103032231053879,0.00934822507707373,0.00880415938784013,0.00855039134774392,0.00782803354480793,0.00747084028240396,0.00713837756616487,0.00657854972956468,0.00639096193333677,0.00573610355362916,0.00603276291091474,0.00613427371801554,0.00613316272041297,0.00608055697928154
"81",0.0163558451259882,0.0158226979442734,0.0152938384500019,0.0146809309451345,0.0138524599550064,0.0132193409190426,0.0126800349964552,0.0121326189367571,0.0116177241030552,0.0105422240095417,0.00992992804441252,0.00964493539948238,0.00883122874296263,0.00842932954488599,0.00805523512388294,0.00742444498969145,0.00721365200811361,0.00647531746474755,0.00681107190897789,0.00692655813700167,0.00692618273585417,0.00686764671462036
"82",0.0180903821834277,0.0174902055667202,0.0168954786066045,0.0162086640232955,0.0152848137698883,0.0145774874154809,0.0139743928613785,0.0133630833600817,0.0127882996165301,0.011597479360272,0.0109173464780803,0.0105976589509914,0.0096977587001144,0.00925087679203659,0.00883502350816672,0.0081382889531202,0.00790248942943614,0.00708939908931817,0.00745252512984303,0.00757434515214789,0.00756939514202659,0.00750092463034311
"83",0.0199469693034323,0.0192712542363225,0.0186025060922904,0.0178333965396157,0.0168047821829686,0.0160155294686918,0.0153418405157164,0.0146601050603388,0.0140193893591011,0.0127047403212865,0.0119510253497646,0.011592681467685,0.0106006190379708,0.0101048213554134,0.00964360341803897,0.00887668130834777,0.008613255611312,0.00772144757205262,0.00811107917389489,0.00823770380893802,0.00822636827598266,0.00814606108134338
"84",0.0219868655120194,0.0212290522218782,0.0204798279488079,0.0196210904045536,0.0184780519512857,0.0175994388546885,0.0168488090205528,0.0160902595749898,0.0153776258206484,0.0139270844225139,0.0130928383810439,0.0126924881361293,0.0115992074111043,0.0110499407907655,0.0105391328028606,0.0096950574469371,0.00940159022730435,0.00842300257444703,0.00884262221550756,0.00897517296462047,0.00895733931376439,0.00886446978768793
"85",0.0245942136950203,0.0237406247110137,0.0228970618030352,0.0219315086023227,0.0206487357588951,0.0196620148093996,0.0188187304110068,0.017967021135148,0.0171669930996811,0.0155437952454297,0.0146090703584817,0.0141588328574305,0.0129360271490999,0.0123203904124069,0.0117479289521189,0.0108043522841291,0.0104746997471262,0.0093820795977077,0.00984702784260004,0.00999214751320001,0.00996981159454163,0.0098639895731335
"86",0.0270276904484423,0.0260743970674706,0.0251332138390049,0.0240592959528726,0.0226388317864212,0.0215444148328097,0.020608346254051,0.0196641436638959,0.0187775674352238,0.0169921487983441,0.0159609947357993,0.0154600525809331,0.014116614919768,0.013436936279992,0.0128051077404647,0.0117697381193155,0.0114039626018659,0.0102084416937656,0.0107080808914301,0.0108595405725064,0.0108289339452864,0.0107077320728706
"87",0.0300078715016621,0.0289402432714473,0.0278867290160858,0.0266866532149249,0.025103071192974,0.0238819175940547,0.022837012143905,0.0217837591288081,0.0207949923806761,0.0188117580879601,0.0176645543221015,0.0171046953902771,0.0156133679030781,0.0148568907736096,0.0141537837928838,0.0130052219262691,0.0125970368484074,0.0112728496696437,0.0118208186232303,0.0119841989481782,0.0119466161531781,0.0118091421042502
"88",0.0329813222786501,0.0317919328096756,0.0306192263700545,0.0292868479017639,0.0275351381617284,0.0261825221879365,0.0250243871415406,0.0238582659928092,0.0227639015206501,0.0205825510095416,0.0193176539663659,0.0186960097021765,0.0170573694544073,0.0162227798989951,0.0154472716981718,0.0141866181144735,0.013734453805973,0.0122845313030058,0.0128752097267942,0.0130466091234139,0.0129991643186123,0.0128431263423722
"89",0.0361745838173068,0.0348553471725051,0.0335554985206348,0.0320818286128786,0.0301502379139467,0.02865708188413,0.0273779505965693,0.0260911584529866,0.0248838849728579,0.0224899084864743,0.0210989027851731,0.0204113351763304,0.0186145073469025,0.0176962712796824,0.0168432260590092,0.0154621318146812,0.014963007269852,0.0133777503204894,0.0140150873136575,0.0141956782597632,0.0141380961535696,0.0139625021551148
"90",0.0400036195096604,0.0385318852645631,0.0370825543557034,0.0354421583909647,0.033297136940701,0.0316375769472286,0.0302153261403274,0.0287855687144799,0.0274444630398184,0.0247958695147783,0.0232544796561814,0.022489161874855,0.0205025794632878,0.0194847045782268,0.0185392617764947,0.0170134203262316,0.0164587272515345,0.0147100974068585,0.0154057686320476,0.0155990737795275,0.0155306165297135,0.0153326110830826
"91",0.0423637564524428,0.0407609122503353,0.0391851704956932,0.03741112109519,0.0351087942772635,0.0333227395867514,0.0317901980151535,0.0302530540250643,0.0288122788175162,0.0260034322351911,0.0243605125036871,0.0235332293397656,0.0214311374910203,0.0203450614642438,0.019336865635143,0.0177261220948389,0.0171295839591082,0.015293066507821,0.0159989271882539,0.0161820956861315,0.0160935966032877,0.0158711719355693
"92",0.0450888382097033,0.0433517415343862,0.0416459204612791,0.0397319169040234,0.0372599940915431,0.0353391123723017,0.0336896300443591,0.0320376241999325,0.0304899533405481,0.0274977967144665,0.0257419660935124,0.0248499140702401,0.0226139619807782,0.0214525297278032,0.0203748141868878,0.0186642002191976,0.0180231432449231,0.0160792714747927,0.0168093423900584,0.0169895821379081,0.0168845353970923,0.0166392241086201
"93",0.0480440678285416,0.0461574587044517,0.044307007752407,0.042238072290384,0.0395796516086925,0.0375102049548314,0.0357317804501415,0.0339534049023279,0.0322882423464831,0.0290971301257458,0.0272181490493429,0.0262546588888629,0.0238738665151731,0.0226302437021753,0.0214767711733365,0.0196584527320785,0.0189685920796141,0.0169096860781582,0.0176638153310953,0.0178394353663225,0.0177154478832107,0.017444587631667
"94",0.0484102343895334,0.0464253291835307,0.0444837315580333,0.0423300291264025,0.0395942511320173,0.0374563359343039,0.0356160866471654,0.0337824049088505,0.032067663872913,0.02884621013209,0.0269347458885133,0.0259344094301926,0.0235401069722153,0.0222736089009913,0.0211001740077978,0.0192788918732615,0.0185687863857972,0.0165234091252316,0.0172291683598928,0.0173690710503762,0.0172172312237398,0.0169233981138244
"95",0.0527773561747603,0.0506157633358153,0.0485011865814688,0.0461551400637709,0.0431741695501533,0.0408448686968849,0.0388399592456656,0.0368420241391878,0.0349736207279684,0.0314617147776773,0.029378313626851,0.0282885506060197,0.025678113797052,0.0242977259975156,0.0230187338174931,0.0210328350116179,0.0202590754161696,0.0180283553928073,0.0187992759477877,0.0189528162939437,0.0187880119110069,0.0184682370118863
"96",0.0558839858941021,0.0535687479600238,0.0513055125297784,0.0487997617372356,0.0456254943143536,0.0431426736586361,0.0410047604226154,0.0388763029404223,0.0368865495751775,0.0331662055307872,0.0309546731467264,0.0297917502080751,0.0270292753350346,0.0255636507139099,0.0242060896400354,0.0221068560380996,0.021283093392346,0.0189302871604726,0.0197300495378995,0.019881391051258,0.0196988014577354,0.0193539839799331
"97",0.0529442850906,0.0506133350493045,0.0483436274888808,0.0458579515450503,0.0427588756997767,0.0403225041907729,0.0382205087636404,0.0361383972710876,0.034195873972478,0.0306636047425105,0.0285414076300365,0.027394723961362,0.0247871764400347,0.0233796107390722,0.0220780536053233,0.0201087407236304,0.0193069818057332,0.0171261042644536,0.0178012829180665,0.0178892296651379,0.0176769128258964,0.0173204327873289
"98",0.0515369613710903,0.0491674989327811,0.0468668579148429,0.0443664516385301,0.0412838093324103,0.0388520933373707,0.036751649235881,0.0346786911874309,0.0327477118114028,0.0293051468229733,0.0272213414460828,0.026074410888512,0.0235444243117721,0.0221621421027733,0.0208856830970504,0.0189839340518165,0.0181898522224044,0.0161022590277276,0.0167029418397648,0.0167512317648132,0.0165186659004829,0.0161525364678311
"99",0.0526346766378894,0.0501766264676474,0.0477924585073146,0.0452083254915151,0.0420352544360547,0.0395292461342248,0.0373638081176757,0.0352295576568735,0.0332426504775217,0.0297254731910046,0.0275908188543292,0.02640825855838,0.0238277769479476,0.0224118329630335,0.0211049592272822,0.0191686815092442,0.018352929126466,0.0162342869075998,0.0168271113614938,0.016862949487056,0.0166162092510569,0.016235583633789
"100",0.0502135822740645,0.0477351517135985,0.0453402407698576,0.0427691356521018,0.0396564044130027,0.0371882539758064,0.0350530644579877,0.032958667917779,0.0310131375798607,0.027654540147658,0.0255970464404042,0.0244316406489352,0.0219828500033309,0.0206188979694927,0.0193624447755778,0.0175370087321456,0.0167438862974294,0.0147697008026543,0.0152663653523267,0.0152562298748605,0.0149910909678485,0.0146068575531402
